nom,canton,ville,annee_creation,effectif_estime,statut,cible,verticales,description_offre,degre_agenticite,stack_technique,modele_revenus,fourchette_prix,financement,clients_references,langues,hebergement_donnees,url,date_consultation,niveau_confiance
Unique AI AG,ZH,Zurich,2021,[EST] 165,startup,B2B,banque; gestion de fortune; asset management; assurance,"Plateforme d'agentic AI workforce pour la finance : agents IA (KYC, compliance, analyse d'investissement, préparation de meetings), workspace collaboratif avec chat, pipelines RAG sécurisés, hub MCP ; environ 25 cas d'usage agents pour le middle et back-office",agents autonomes multi-étapes,"MCP, orchestration d'agents propriétaire au-dessus de LLM (modèles non précisés publiquement)",abonnement,non disponible publiquement,"30 M USD Series A février 2025 (CommerzVentures, DN Capital, VI Partners, Pictet Group) ; total levé 53 M USD","Pictet, Julius Bär, BNP Paribas, Standard Chartered, Union Bancaire Privée, SIX Group, Helvetia, LGT, Partners Group",EN; FR,au choix du client,https://www.unique.ai/,2026-07-23,élevé
Typewise AG,ZH,Zurich,2020,nd,startup,B2B,service client; ventes; e-commerce; retail; logistique; énergie; tourisme,"AI Customer Service Agents résolvant des dossiers de bout en bout : agents multi-spécialistes (Support, Sales, Commerce), plateforme d'orchestration d'agents, SDK, automatisation de workflows en langage naturel, human-in-the-loop (approbations, simulations) ; alumni Y Combinator",agents autonomes multi-étapes,"Claude et ChatGPT comme LLM, MCP natif, 200+ intégrations CRM/ERP/ITSM, webhooks, REST API",à l'usage,à partir de 1 USD par résolution,environ 3 M USD levés (2 tours),"Galaxus, Brack.ch, Planzer, DPD, TUI Cruises, Iveco, Beurer, Mainova, Wincasa, Kelag, Polaris",EN (produit multilingue),"au choix du client (options de résidence des données, RGPD et EU AI Act)",https://www.typewise.app/,2026-07-23,élevé
DeepJudge AG,ZH,Zurich,2021,nd,startup,B2B,juridique,"Moteur de recherche d'entreprise IA pour cabinets d'avocats et directions juridiques : recherche multi-documents avec chat, suite d'agents et workflows multi-étapes (LLM-agnostic agentic reasoning), connexion aux dépôts documentaires sans déplacement des données, intégration Harvey ; spin-off ETH Zurich, croissance de revenus de +500 % revendiquée fin 2025",agents autonomes multi-étapes,"LLM-agnostique, MCP, moteur de recherche sémantique propriétaire",abonnement,non disponible publiquement,"41,2 M USD Series A novembre 2025 (Felicis, Coatue) ; total environ 52 M USD ; valorisation 300 M USD","Homburger, CMS Switzerland, Lenz & Staehelin, Freshfields, Holland & Knight, Cozen O'Connor, Gunderson Dettmer, ArentFox Schiff, Schoenherr",EN,non précisé (approche sans déplacement des données),https://www.deepjudge.ai/,2026-07-23,élevé
Squirro AG,ZH,Zurich,2012,nd,editeur,B2B,banque; assurance; industrie; gouvernement; santé; télécoms; private equity,"Plateforme d'enterprise GenAI : recherche sémantique d'entreprise, knowledge graphs, RAG, catalogue de 13 agents prêts à déployer (finance, RH, juridique, ventes, IT, R&D), AI guardrails, privacy layer ; croissance d'environ 60 % en 2024 ; acquisitions Synaptica (2024) et d'une plateforme IA américaine (2022) ; agents semi-autonomes avec revue humaine",workflow automatisé,"knowledge graphs propriétaires, RAG ; LLM non détaillés publiquement",licence,non disponible publiquement,"environ 29 M USD levés au total (Tracxn, dernier tour Series B) ; tour de 4 M USD en 2022","Henkel, Siemens, Banque centrale européenne, OCBC Bank, Candriam, Bertelsmann, ZwickRoell",EN,au choix du client (option on-premise),https://www.squirro.com/,2026-07-23,élevé
AlpineAI AG (SwissGPT),ZH,Zurich,2023,nd,startup,B2B,santé; administration publique; hautes écoles; industrie high-tech,"SwissGPT : plateforme d'IA souveraine type ChatGPT d'entreprise pour secteurs critiques et régulés ; assistants conversationnels, documentation automatisée (consultations patients, demandes citoyennes), agents SwissGPT prenant en charge des processus de bout en bout sur cas cadrés, plateforme API ; fondée à Davos (GR), active depuis Zurich ; co-fondateurs liés à ETH/UZH/ZHAW",workflow automatisé,"modèles open source multi-modèles, indépendance vis-à-vis des fournisseurs, serveurs en Suisse",abonnement,non disponible publiquement,"seed à deux chiffres en millions de CHF (avril 2026, Swiss KMU Partners lead), montant exact non divulgué","communes de Davos, Lucerne, St. Moritz, Glattfelden ; ZHAW, HIN, Clienia, Rheuma Schweiz",DE; EN; FR; IT,Suisse (centres de données certifiés ISO),https://www.alpineai.swiss/,2026-07-23,élevé
swiss moonshot AG (aiaibot),ZH,Dübendorf,2019,nd,editeur,B2B,assurance; banque; secteur public; santé; énergie; mobilité; industrie,"Plateforme Agentic AI sécurisée suisse : chatbots intelligents, automatisation de processus (e-mails, traitement de demandes), RAG, produit Agent Workspace ; rentable (break-even), plus d'un million de demandes clients traitées par an ; jusqu'à 95 % d'automatisation annoncée (chiffre promotionnel)",workflow automatisé,nd,abonnement,non disponible publiquement,"nd (rentable, break-even atteint)","plus de 200 clients dont Luzerner Kantonalbank, ERV, BLT, Stadtwerk Winterthur, Swiss Medical Network, Ville de Berne, Beobachter",DE; EN,"non précisé (plateforme suisse, conformité RGPD/nLPD)",https://www.aiaibot.com/de/,2026-07-23,élevé
Enterprise Bot GmbH,ZH,Zurich,2017,nd,editeur,B2B,voyage; retail; assurance; finance; santé; ITSM/RH; gestion des connaissances,"Suite d'automatisation conversationnelle : Agentic AI (automatisation de bout en bout sans transfert humain), chatbot AIDA, voicebot AIVA, email bot ERA, Agent Assist ; bureaux additionnels en Inde, au Royaume-Uni et aux États-Unis",agents autonomes multi-étapes,nd,abonnement,non disponible publiquement,nd,"Generali Switzerland, SWICA, SIX, Kantonsspital Winterthur, Yuh, RMV, Callpoint, Transpennine Express, Comboios de Portugal",EN; DE,non précisé,https://www.enterprisebot.ai/,2026-07-23,élevé
Spitch AG,ZH,Zurich,2014,nd,editeur,B2B,banque; assurance; santé; secteur public; utilities; retail,"Plateforme conversationnelle omnicanale : agents vocaux virtuels, chatbots, speech analytics, biométrie vocale, Knowledge Agent, Agent Assist, Quality Management ; reconnaissance du suisse allemand ; bureaux à Milan, Londres, Madrid, Wilmington",workflow automatisé,"intégrations Genesys, Microsoft Teams, Zendesk, Salesforce, AWS, Azure, Google Cloud, OpenAI, Twilio",licence,non disponible publiquement,nd,"Baloise, DSK Bank (études de cas)",EN; DE; IT; FR (suisse allemand),au choix du client (cloud ou on-premise),https://spitch.ai/,2026-07-23,élevé
Parashift AG,BL,Sissach,2018,51-200,editeur,B2B,banque; assurance; santé; logistique,"Traitement intelligent de documents (IDP) par Vision Language Models : dark processing (plus de 90 % sans intervention), modèles propriétaires Parashift Document VLM (7B) et Swarm Learning, option BYOM avec guardrails, routage humain des cas sous seuil de confiance",workflow automatisé,"VLM propriétaire 7B, Swarm Learning, API",à l'usage,non disponible publiquement,nd,"Raiffeisen, AXA, LLB, Swica, BDO, Swisscom, Deutsche Bahn, Mercedes-Benz, BMW, Caterpillar, Glencore, Sana Kliniken",DE; EN,"UE (infrastructure 100 % EU-native, option on-premise/air-gapped)",https://parashift.ai/de/,2026-07-23,élevé
Evoya AI,ZH,Uster,nd,nd,editeur,B2B,PME généralistes; éducation; santé; administration,"Plateforme IA tout-en-un pour PME : EvoChat (workspace IA), EvoBot (chatbots web), EvoSearch (recherche sémantique/RAG), EvoKonversa (transcription), agents IA avec Skills, accès à 30+ modèles ; services d'agence pour applications IA sur mesure",workflow automatisé,"multi-modèles : OpenAI (ChatGPT), Anthropic (Claude), Perplexity, modèles suisses",abonnement; freemium,Free 0 CHF ; Professional 29 CHF/mois/utilisateur ; Bot Start 79 CHF/mois ; Bot Business 199 CHF/mois ; Bot Unlimited 699 CHF/mois ; Enterprise sur devis,nd,partenariat avec l'agence insign,DE; EN,"Suisse (Swiss Mode : serveurs certifiés ISO, sans cloud américain)",https://evoya.ai/,2026-07-23,élevé
"nunu.ai (Generai, Inc.)",ZH,Zurich,2023,nd,startup,B2B,jeux vidéo (QA); applications mobiles; robotique; conformité,"Agents IA multimodaux qui utilisent applications et jeux comme un humain (écran, toucher, clavier) pour l'assurance qualité automatisée, avec adaptation autonome aux changements d'interface ; fondateurs issus de l'ETH Zurich, entité juridique principale américaine ; affiliée ETH AI Center",agents autonomes multi-étapes,"nd (infrastructure dédiée gérée, SOC 2 mentionné)",abonnement,non disponible publiquement,"8 M USD au total : pre-seed 2 M USD (a16z Games Speedrun, Y Combinator, Boost VC) puis seed 6 M USD en 2025 (a16z speedrun, TIRTA Ventures)",studios de jeux (Stormforge cité),EN,non précisé,https://nunu.ai/,2026-07-23,moyen
LogicStar AI,ZH,Zurich,2024,nd,startup,B2B,développement logiciel,"Agents IA de maintenance logicielle autonome (self-healing software) : détection et reproduction de bugs, triage, génération de pull requests validées avec tests et contrôle de régression ; benchmark SWT-Bench ; recherche publiée à NeurIPS 2024 et ICML 2025 ; spin-off de l'écosystème ETH Zurich/INSAIT (Prof. Martin Vechev)",agents autonomes multi-étapes,nd,abonnement,non disponible publiquement,"3 M USD pre-seed (février 2025, Northzone lead, business angels DeepMind, Snyk, Spotify)","LocalStack, Ledgy, GetYourGuide, Scalera, Benetics, Frec",EN,non précisé,https://www.logicstar.ai/,2026-07-23,élevé
BSI Business Systems Integration AG,AG,Baden,1996,[EST] plusieurs centaines,editeur,B2B,banque; assurance; retail; énergie et utilities,"BSI Customer Suite, plateforme CRM/CX AI by Design avec Customer Agents : système multi-agents (des centaines d'agents coopérants) automatisant ventes, service et marketing ; 70+ modèles IA intégrés ; acquisition de Sikom (contact center) en avril 2026",agents autonomes multi-étapes,nd,licence,non disponible publiquement,nd (société établie),"BLKB, Nürnberger Versicherung, Walbusch",DE; EN,non précisé,https://www.bsi-software.com/,2026-07-23,élevé
Wonderful AI,ZH,Zurich,2025,nd,filiale,B2B,service client multisectoriel,"Plateforme de création et gestion d'agents IA conversationnels (voix, chat, e-mail) multilingues, y compris suisse allemand, français, italien ; taux de résolution annoncé supérieur à 80 % sans intervention humaine ; siège européen à Zurich ouvert fin 2025, maison mère étrangère",agents autonomes multi-étapes,nd,abonnement,non disponible publiquement,34 M USD seed puis 100 M USD Series A (participation d'Index Ventures),nd (aucun client suisse cité),multilingue dont suisse allemand; FR; IT,non précisé,https://www.moneytoday.ch/news/wonderful-ai-startup-fuer-ki-agenten-eroeffnet-standort-in-zuerich,2026-07-23,moyen
ti&m AG,ZH,Zurich,2005,550+,ESN,B2B,banque; assurance; secteur public; industrie,"AI Agents Hub : agents IA sectoriels préconfigurés (Meeting Agent avec transcription du suisse allemand, Claim Management Agent assurance) en cycle raisonnement-action-observation ; AI Banking Assistant (chatbot e-banking), assistants type ChatGPT d'entreprise, développement IA sur mesure, label swiss made software +AI ; niveau autonome revendiqué, références de production non publiées",workflow automatisé,"stack open source privilégiée, LLM au choix du client, modèle de computer vision propriétaire, speech-to-text",licence; forfait projet,non disponible publiquement,nd (société établie),nd,DE; EN,"au choix du client (Azure, on-premise, développement et exploitation en Suisse possibles)",https://www.ti8m.com/en/products/AI-Agents-Hub,2026-07-23,élevé
Apptiva AG,LU,Lucerne,nd,nd,editeur,B2B,administration publique; santé; éducation; énergie,"Bubble Chat (plateforme suisse multi-agents de chatbots d'entreprise), développement d'agents IA sur mesure, intégration LLM sur données internes, automatisation (extraction de données, prévisions), intégrations ERP/CRM ; plus de 10 ans d'activité ; agents spécialisés dans un cadre contrôlé (Agent-Framework)",workflow automatisé,"nd (intégrations systèmes, LLM)",abonnement; forfait projet,non disponible publiquement,nd,"Canton de Berne, La Poste suisse, Suva, Luzerner Kantonsspital, Inselspital Bern, Energie 360°",DE,"Suisse (100 % Swiss Hosting, conformité nLPD)",https://apptiva.ch/,2026-07-23,élevé
NETNODE AG,LU,Lucerne,2003,nd,agence,B2B,PME; culture et musées; ONG et associations; administrations,"Stratégie IA, systèmes RAG sur données propriétaires, agents autonomes pour support, documentation et bases de connaissances, workflows agentiques avec garde-fous définis, codage assisté par IA",workflow automatisé,"Claude, GPT, Gemini, modèles open source privés possibles, approche neutre vis-à-vis des fournisseurs",forfait projet,pilote Agentic AI à partir de 20 000 CHF (6 à 12 semaines),nd,"BBA Magnete, Dynamo Buddy, ESG Regulations Navigator (UN Global Compact)",DE (EN partiel),"au choix du client (hébergement en Suisse en option, conformité LPD)",https://netnode.ch/de/ai-agentur,2026-07-23,élevé
CorpIn GmbH,SG,Saint-Gall,nd,nd,conseil,B2B,"PME multisectoriel (automobile, immobilier de vacances)","Agents IA autonomes pour l'automatisation de processus, systèmes multi-agents pour le service client, analyses de maturité IA (modèle Hexagon), conseil en transformation, IoT et data hubs ; spin-off de l'Université de Saint-Gall (HSG)",workflow automatisé,"LangChain, RAG, Google Gemini (multimodal)",forfait projet,non disponible publiquement (AI Maturity Score gratuit en entrée),nd,"Auto Lang AG, Holiday Home AG",DE; EN,non précisé,https://www.corpin.ch/,2026-07-23,élevé
Sidora AG,ZH,Winterthur,nd,nd,agence,B2B,fiduciaire/finance; industrie et machines; santé/pharma; juridique; e-commerce; éducation,"Agents multi-étapes sur mesure (pipelines), chatbots (web, intranet, MS Teams), automatisation de workflows (Make.com, n8n), RAG sur grandes documentations (50 000+ documents), analytics prédictif, classification de documents ; validation humaine conservée sur les processus critiques ; présences Zurich et Berne",workflow automatisé,"Claude, GPT, Mistral, Llama ; LangChain, LlamaIndex ; Qdrant, Pinecone ; n8n self-hosted, Make.com ; Microsoft Copilot",forfait projet,audit dès 1 800 CHF ; feuille de route dès 4 500 CHF ; projets de 4 500 à 30 000+ CHF ; ateliers dès 2 400 CHF,nd,"4 études de cas anonymisées (fiduciaire à Aarau, industriel, cabinet juridique zurichois, e-commerce)",DE; FR; EN,"au choix du client (serveurs suisses Zurich/Genève par défaut, options UE (Mistral) ou US sous contrats RGPD/LPD)",https://www.sidora.ch/de/ki-agentur-schweiz,2026-07-23,élevé
Kigent (Prozessionell GmbH),ZH,Dübendorf,nd,nd,agence,B2B,PME généralistes,"Construction et exploitation d'agents IA clé en main pour tâches réelles (réponse aux e-mails, vérification de factures), automatisation de processus, suivi continu ; se présente comme première agence suisse entièrement dédiée aux agents IA ; service géré",workflow automatisé,nd (allusions à OpenAI/ChatGPT),abonnement,non disponible publiquement,nd,témoignage d'une directrice d'agence marketing zurichoise,DE,non précisé (conformité protection des données revendiquée),https://kigent.ch/,2026-07-23,moyen
einclick,ZH,Zurich,nd,nd,agence,B2B,multisectoriel,"Agents IA (RAG, systèmes multi-agents, agents autonomes), automatisation de workflows, projets IA sur mesure, ateliers de formation, conseil stratégique",workflow automatisé,"n8n, Make.com, LLM non précisés",forfait projet,à partir de 2 490 CHF pour projets simples,nd,nd,DE,non précisé,https://www.einclick.ch/,2026-07-23,moyen
D4design Studios GmbH,ZH,Zurich,2007,nd,agence,B2B,e-commerce; services; santé; immobilier,"Agence digitale (web/design) avec offre IA : agents IA (traitement e-mails, données), chatbots 24/7, workflows automatisés (Zapier, Make), optimisation LLMO/AEO/SEO, contenus IA, vibe coding ; second site à Zoug",workflow automatisé,"OpenAI, Anthropic (Claude), Gemini, Midjourney, Cursor, Zapier, Make",forfait projet,consultation initiale gratuite ; projets typiquement à partir de 2 000 CHF,nd,nd,DE,non précisé,https://d4design.ch/services/ki-agentur/,2026-07-23,moyen
the aigency,nd,nd,nd,3 (équipe coeur) + réseau de 40 experts,agence,B2B,ingénierie; construction; digitalisation PME; associations professionnelles,"Agents et systèmes multi-agents, automatisation de workflows (e-mail, agenda, meetings, CRM), plateforme Helvetiq OS, sites web natifs IA (qualification de leads) ; modèle hybride : approbation humaine par défaut sur les actions d'écriture ; réseau lié à Gnocchi & Friends, Suisse alémanique",workflow automatisé,nd (comparaisons avec n8n et Make),forfait projet; abonnement,Website Sprint à partir de 3 900 CHF ; tarifs Helvetiq OS non disponibles publiquement,nd,"HES-SO Valais, Université de Saint-Gall (HSG), IWF AG, suisse.ing, Digital-World, Unique Construct",DE; EN,"Suisse (serveurs Infomaniak Zurich, base dédiée par client, option on-premise)",https://theaigency.ch/,2026-07-23,moyen
apexAI (Elevate Solutions GmbH),nd,nd,nd,nd,agence,B2B,services de nettoyage; hôtellerie; e-commerce; agences; IT; conseil; fiduciaire,"Agents IA et chatbots, automatisation de processus, logiciels IA sur mesure, produits propres (apexTranscribe, apexAcquire, Swiss Knowledge Hub), ateliers ; 3 cofondateurs ; région de Berne supposée mais non confirmée",workflow automatisé,nd,abonnement; forfait projet,moins de 1 000 CHF par année pour certaines solutions standard,nd,"une quinzaine de clients nommés dont Keystone SDA, Naturkostbar AG, kingnature AG, CERUNIQ",DE,"UE (hébergement européen, conformité LPD, pas de serveurs US par défaut)",https://apex-ai.ch/,2026-07-23,moyen
Huber Solution GmbH,TG,Egnach,nd,nd,agence,B2B,immobilier; services de proximité; santé; support IT; administrations,"Assistants téléphoniques IA (agents vocaux) 24/7 pour PME de Suisse orientale : réponse aux questions récurrentes, qualification de leads, prise de rendez-vous, transfert structuré vers des humains ; dialecte alémanique mis en avant",workflow automatisé,nd,abonnement; à l'usage,"164,90 CHF/mois (100 minutes incluses) + 0,39 CHF/minute, tarifs dégressifs",nd,nd (avis Google mentionnés),DE (dialecte alémanique),"Suisse (infrastructure cloud, conformité nLPD)",https://h-solution.ch/ki-assistenten-ostschweiz/,2026-07-23,moyen
ASIMBA LABS,BE,Berne,nd,nd,agence,B2B,multisectoriel,Agence digitale full-service avec offre IA : automatisation intelligente de processus et workflows IA sur mesure ; site peu documenté lors de la consultation,workflow automatisé,nd,forfait projet,non disponible publiquement,nd,nd,DE,non précisé,https://www.asimba.ch/,2026-07-23,faible
Visium SA,VD,Lausanne,2018,[EST] 100 (dont 40+ ingénieurs annoncés),conseil,B2B,pharma et sciences de la vie; finance; industrie manufacturière; retail; chimie,"Conseil en IA avec plateforme propriétaire : Agentic AI Platform et Visium Labs (sciences de la vie : architecture multi-agents rédigeant des soumissions réglementaires, revue de claims, exploitation des SOP, intégrée à Veeva et Salesforce), systèmes RAG, ML en production, MLOps ; EPFL Innovation Park, bureau à Zurich ; distinction Financial Times 2023",agents autonomes multi-étapes,"Azure, GCP, AWS, Databricks, Palantir, Python ; intégrations Veeva, Salesforce",forfait projet; abonnement,non disponible publiquement,non divulgué ; première levée institutionnelle récente (montant nd),"Tetra Pak, Contovista, Swisstopo, CIM Bank, dsm-firmenich, Mettler Toledo",EN,au choix du client (multi-cloud),https://www.visium.com/,2026-07-23,élevé
inait SA,VD,Lausanne,nd,nd,startup,B2B,finance; robotique,"IA à intelligence adaptative inspirée du cerveau (inait Adaptive Machines, Digital Brain) : IA causale et apprentissage par renforcement, approche propriétaire distincte des agents LLM ; partenariat avec Microsoft ; fondateur Henry Markram (neurosciences, EPFL)",infrastructure,"technologie propriétaire, non détaillée publiquement",licence,non disponible publiquement,"nd (solide soutien financier revendiqué, montants non divulgués)",Microsoft (partenaire),EN,non précisé,https://www.inait.ai/,2026-07-23,moyen
ELCA Informatique SA,VD,Lausanne,nd,[EST] 2000+ (groupe),ESN,B2B,banque et services financiers; assurance; prévoyance; secteur public; événementiel; hospitality,"Grand intégrateur IT suisse (50+ ans) : Agentic Engineering Unit combinant IA avancée et ingénierie logicielle augmentée par agents, solutions digitales intelligentes, cloud souverain suisse (ELCA Cloud Services) ; ELCA Advisory sur la transformation IA",workflow automatisé,"Microsoft Azure Local, Microsoft 365 Local (cloud souverain opéré localement)",forfait projet; régie-TJM,non disponible publiquement,nd (société établie),"Piguet Galland, cabanes du Club Alpin Suisse, Eurovision Song Contest 2025",FR; DE; EN,Suisse (cloud souverain opéré en Suisse),https://www.elca.ch/en,2026-07-23,élevé
Unit8 SA,VD,Lausanne,2017,150+,conseil,B2B,chimie; pharma; banque/finance; assurance; industrie; énergie; logistique; retail; automobile,"Conseil data et IA (250+ projets livrés) : workflows agentiques d'entreprise (série From Hype to Impact), GenAI, MLOps, partenariat de services officiel avec OpenAI, services Palantir Foundry, plateforme open source de prévision Darts ; bureaux Lausanne, Zurich, Berne et à l'étranger",workflow automatisé,"OpenAI, Palantir, NVIDIA, AWS, Microsoft, Snowflake, Databricks",forfait projet; régie-TJM,non disponible publiquement,non divulgué,"Merck, Swiss Re, Daimler, Firmenich, Helvetia, Tecan, Julius Baer, Weleda, CHUV",EN; FR; DE,selon le cloud du client,https://unit8.com/,2026-07-23,élevé
Effixis SA (Artefact Suisse),VD,Lausanne,2017,nd,filiale,B2B,luxe; banque/assurance; santé,"Conseil IA/LLM issu de l'écosystème EPFL, racheté par le groupe français Artefact (bureau suisse) : stratégie data et IA, développement sur mesure, expertise NLP/LLM, formation au prompt engineering ; offre spécifiquement agentique non documentée publiquement",RAG,"LLM/NLP, collaboration technique avec l'EPFL",forfait projet; régie-TJM,non disponible publiquement,rachat par Artefact (montant non divulgué),nd,FR; EN,non précisé,https://www.artefact.com/news/artefact-announces-acquisition-of-effixis-to-enhance-ai-consulting-services-and-generative-ai-capabilities/,2026-07-23,moyen
HeyPapaya,VD,Lausanne,nd,nd,agence,B2B,banque privée et gestion de fortune; trading et matières premières; horlogerie et luxe; organisations internationales et ONG; juridique; conseil; relocation,"Chatbots IA (qualification, réservation), agents vocaux IA 24/7, automatisation IA (devis, factures, reporting), stratégie et adoption IA ; déploiement annoncé en 2 à 4 semaines ; rayonnement Genève, Fribourg, Valais",workflow automatisé,nd,forfait projet; abonnement,non disponible publiquement,nd,nd,FR; EN; DE; IT,"Suisse ou UE par défaut (DPA, conformité nLPD et RGPD)",https://www.heypapaya.ch/en/ai-agency-geneva/,2026-07-23,élevé
AVQN,VD,Lausanne,nd,[EST] 1,conseil,B2B,fiduciaire; vétérinaire; secteur public; technologie,"Consultant IA indépendant : agents IA et systèmes agentiques, outils sur mesure développés avec Claude Code, workflows n8n, audit stratégique et cartographie ROI, formations (bootcamp, coaching)",workflow automatisé,"n8n, Claude Code, API et intégrations web",régie-TJM; forfait projet,non disponible publiquement (audit offert),nd,"IMD Lausanne, BCV, GenevaLive, Liip, HES-SO, Ville de Lausanne, Groupe Vetmint",FR,non précisé,https://www.avqn.ch/services/,2026-07-23,élevé
NeurokAI,VD,Lausanne,nd,nd,agence,B2B,droit; industrie; santé; conseil; horlogerie,"Agents conversationnels et chatbots connectés aux données (RAG, CAG, bases de connaissances), automatisation par LLM (documents, e-mails, rapports, workflows), applications IA clé en main, fine-tuning, intégrations ERP/CRM/e-commerce, MLOps, IA souveraine on-premise et air-gapped, conseil et formation",workflow automatisé,"ChatGPT, Claude, Gemini, Copilot ; open source : DeepSeek, Mistral, Qwen, Llama",forfait projet,non disponible publiquement (audit gratuit d'entrée),nd,"cas anonymisés (cabinet juridique, PME industrielle, santé, horlogerie)",FR; EN,"Suisse (Suisse romande, on-premise ou datacenter partenaire)",https://neurok.ai/,2026-07-23,élevé
OGFactory,VD,Ecublens,nd,nd,agence,B2B,bâtiment et artisans; praticiens de santé; PME généralistes,"Chatbots et agents conversationnels, automatisation de workflows (500+ intégrations via n8n), traitement documentaire IA (OCR, extraction, classification), analyse de données et tableaux de bord prédictifs, intégration CRM/ERP, formation ; promesse prototype fonctionnel en 30 jours ou offert",workflow automatisé,"Claude, OpenAI, Mistral AI, Ollama (déploiement local), n8n, Supabase, Airtable, Google Cloud, Stripe",forfait projet,diagnostic 390 CHF (secteur construction) ; projets sur devis,nd,témoignages anonymisés,FR,Suisse possible (option de déploiement local),https://ogfactory.ch/,2026-07-23,élevé
Fusengine,VD,Vevey,nd,nd,agence,B2B,juridique; médical; fiduciaire; industrie; hôtellerie; commerce,"Agents IA et chatbots (support client 24/7, assistants internes), automatisation de processus (devis, factures, relances), RAG sur base documentaire, formation IA (ChatGPT, Copilot, Claude), solutions souveraines ; zones couvertes de Genève à Neuchâtel",workflow automatisé,nd,forfait projet,non disponible publiquement (audit initial gratuit),nd,nd,FR (DE et EN évoqués),"Suisse (infrastructure suisse, option auto-hébergée, conformité nLPD)",https://fusengine.ch/solutions/services-ia/,2026-07-23,élevé
Mivelaz Consulting,VD,Lonay,nd,[EST] 1,conseil,B2B,fiduciaires et experts-comptables; cabinets d'avocats; cabinets médicaux; agences immobilières,"Assistants IA et chatbots personnalisés, traitement intelligent de documents (OCR + IA), analyse prédictive et dashboards, génération de contenu ; intervient dans les cantons de Vaud, Genève, Neuchâtel, Valais, Fribourg et Jura",workflow automatisé,"Claude, GPT, Gemini, n8n, Make, Zapier ; intégrations Bexio, Abacus, Microsoft 365",forfait projet,1 500 à 15 000 CHF par projet,nd,plus de 50 clients accompagnés (chiffre déclaratif),FR,"Suisse (conformité nLPD/RGPD, modèles locaux pour données sensibles)",https://mivelaz-consulting.ch/services/intelligence-artificielle-pme-suisse,2026-07-23,élevé
Agence iA,VD,Lausanne,nd,nd,agence,B2B,construction et second oeuvre; commerce de détail; immobilier; fiduciaire; centres de formation; juridique,"Tri intelligent des e-mails, dictée vocale et génération d'offres, pré-traitement de factures fournisseurs, formations IA, intégration et diagnostic ; pas d'agents autonomes revendiqués",workflow automatisé,nd,forfait projet,non disponible publiquement (évaluation gratuite d'entrée),nd,"Canton de Vaud, HEFP, Coop, Menuiserie Roth, Own Concept",FR,non précisé (conformité RGPD et LPD revendiquée),https://agenceia.ch/,2026-07-23,moyen
Sonar (SonarSource SA),GE,Genève,2008,nd,editeur,B2B,développement logiciel (tous secteurs),"SonarQube (Cloud, Server, IDE) et gamme agentique : acquisition d'AutoCodeRover (agents IA autonomes de debug, remédiation d'issues, refactoring), agents Sonar Vortex et Remediation Agent, SonarSweep, MCP Server ; licorne genevoise, 7M+ développeurs utilisateurs",agents autonomes multi-étapes,"LLM-agnostique (OpenAI, Anthropic, Google, Meta), MCP",licence; abonnement,non disponible publiquement,"levées importantes selon la presse (statut de licorne), montants non vérifiés","communauté massive de développeurs (750 milliards de lignes de code analysées par jour, métrique déclarative)",EN,au choix du client (SaaS cloud ou on-premise),https://www.sonarsource.com/,2026-07-23,élevé
DKDP,GE,Genève,nd,[EST] 2,agence,B2B,immobilier; RH; e-commerce; tous secteurs,"Agents IA sur mesure (service client, analyse de données), chatbots IA 24/7 (qualification de leads, prise de rendez-vous), automatisation de workflows no-code (CRM, e-mail, ERP), audit et conseil IA, intégration de LLM ; opère dans toute la Suisse romande",workflow automatisé,"ChatGPT, Claude, Gemini, Copilot, Perplexity, Midjourney, DeepSeek, Grok, Meta AI",forfait projet,6 500 à 11 000 CHF par projet type,nd,"SwissLife, Fondation Hans Wilsdorf, Howden, Eli Lilly, World Economic Forum, Servette FC ; 700+ entreprises accompagnées (déclaratif, ensemble des activités)",FR,Suisse ou UE (hébergement local ou cloud privé possible),https://dkdp.ch/intelligence-artificielle,2026-07-23,élevé
i-fixit,GE,Genève,nd,[EST] 1,agence,B2B,fiduciaires et comptabilité; PME généralistes,"Copilotes métier, agents IA d'entreprise, assistants sur données propriétaires, automatisation de tâches répétitives, du prototype à la production (démarche en trois phases) ; actif à Genève et Lausanne",workflow automatisé,nd,forfait projet,non disponible publiquement,nd,nd,FR,Suisse (données hébergées et souveraines),https://i-fixit.ch/,2026-07-23,moyen
Voixia (KeWeb Sàrl),VS,Sion,nd,nd,agence,B2B,restaurants; garages; cabinets médicaux; avocats; immobilier; artisans,"Agents IA téléphoniques (réception d'appels, qualification, prise de rendez-vous, transferts intelligents, résumés d'appels), chatbot IA pour sites web, intégrations CRM et agendas ; produit SaaS édité par l'agence web valaisanne KeWeb ; couvre toute la Suisse",workflow automatisé,nd,abonnement,non disponible publiquement,nd,nd,FR; DE; IT; EN (agents multilingues),non précisé,https://voixia.ch/,2026-07-23,élevé
Neuralia,VS,Sion,nd,nd,startup,B2B,assurance/santé; comptabilité; immobilier; industrie; cliniques,"Solutions IA et data engineering sur mesure, plateforme Conversalia (déploiement de chatbots personnalisés avec support inclus), automatisation de rapports (cas client : 300+ heures/an économisées) ; studio soutenu par The Ark Foundation et CimArk ; fondateur Gary Folli",workflow automatisé,nd,forfait projet; abonnement,non disponible publiquement,soutien des structures de promotion économique valaisannes (montants nd),"Groupe Mutuel, Cheel, Baktrade, Jean-Reusse, clinique de la Riviera",FR,non précisé,https://valais-economie.ch/neuralia-deploie-des-solutions-concretes-dintelligence-artificielle-dans-les-pme/,2026-07-23,élevé
FlowBiz,VS,Sion,nd,nd,conseil,B2B,PME généralistes,"Assistants IA métier sur mesure, chatbots 24/7, automatisation de processus et de workflows (200+ templates revendiqués), intégration IA, conseil stratégique, services managés",workflow automatisé,"Docker, n8n, Dify, Infomaniak, RunPod.io, Mistral AI, OpenAI, Ollama, PostgreSQL, Next.js",forfait projet; abonnement,non disponible publiquement,nd,nd,FR; EN,"Suisse (cloud suisse, Infomaniak cité)",https://flowbiz.ai/en,2026-07-23,élevé
Les Précurseurs Lab,NE,Le Landeron,nd,nd,agence,B2B,fiduciaire; horlogerie; juridique; hospitality; retail; e-commerce; medtech; viticulture; RH; immobilier,"Agents IA et automatisation (CRM, facturation, e-mails, reporting), applications sur mesure (no-code à développement complet), IA vidéo et contenu, stratégie IA et ROI ; cas publiés : automatisation TVA fiduciaire (30-45 h/mois économisées), agent SAV horloger, RAG jurisprudence ; présence commerciale France et Suisse",workflow automatisé,"n8n (self-hosted), Make, Zapier ; LLM : Claude, GPT, Mistral",forfait projet; abonnement,agent IA 6 000 à 25 000 CHF (build) + 200 à 1 500 CHF/mois (run) ; chatbots luxe 25 000 à 50 000 CHF,nd,"cas anonymisés (fiduciaire vaudoise, horloger neuchâtelois, cabinet juridique genevois)",FR; DE; IT; EN,"UE ou on-premise (DPA, conformité LPD/RGPD)",https://www.lesprecurseurslab.ai/fr/,2026-07-23,élevé
IA Swiss,NE,Neuchâtel,nd,nd,agence,B2B,commerce; artisanat; services de proximité,"IA souveraine, formations (dont ChatGPT), assistants IA pour PME, automatisation, conseil pragmatique adapté aux outils existants ; couvre aussi Fribourg, Bulle, Morat, Romont ; site inaccessible lors de la collecte (403), données issues d'extraits de recherche",workflow automatisé,nd,nd,non disponible publiquement,nd,nd,FR,non précisé (positionnement IA souveraine),https://iaswiss.com/,2026-07-23,faible
Artificialy SA,TI,Lugano,2020,[EST] 35,startup,B2B,industrie; finance; high-tech,"Conception et implémentation de solutions IA sur mesure pour multinationales, ETI et startups ; 43 solutions livrées, 31 clients (chiffres déclaratifs) ; spin-off de l'écosystème académique tessinois IDSIA/USI/SUPSI (fondateurs Luca Maria Gambardella et Marco Zaffalon) ; bureau également à Zurich",workflow automatisé,nd,forfait projet,non disponible publiquement,investisseurs privés et institutionnels au capital (montants non divulgués),nd,IT; EN,non précisé,https://www.artificialy.com/,2026-07-23,moyen
Vudu AI Labs Sagl,TI,Camorino,nd,nd,agence,B2B,services professionnels et finance; immobilier; hospitality et tourisme; industrie et logistique; administration publique,"Studio AI-First : agents IA et automatisation opérationnelle, automatisation de processus, sites et applications propulsés par l'IA, feuilles de route stratégiques ; couvre tout le Tessin",workflow automatisé,nd,forfait projet,non disponible publiquement,nd,nd,IT; EN,non précisé,https://www.vudu.ch/en/ticino/servizi-ai,2026-07-23,élevé
Cervo.AI,TI,nd,nd,nd,agence,B2B,transverses (PME tous secteurs),"Chatbots IA personnalisés (génération de leads, support 24/7, onboarding), automatisation de tâches répétitives, intégrations CRM, notifications e-mail, transfert vers humain ; déploiement web, WhatsApp, Facebook, Instagram ; opère au Tessin et en Lombardie, entité juridique non vérifiée",chatbot,nd,forfait projet,non disponible publiquement (consultation gratuite d'entrée),nd,nd,IT (chatbots multilingues),non précisé,https://cervo.ai/chatbot-intelligenza-artificiale,2026-07-23,moyen
DigiLuxe AI,TI,Lugano,nd,nd,agence,B2B,services financiers; logistique; e-commerce; industrie; services professionnels; hospitality/retail; RH,"Développement logiciel IA sur mesure, automatisation de workflows administratifs et opérationnels, chatbots de support client, lead scoring et analytique prédictive, connecteurs API pour systèmes legacy, dashboards temps réel",workflow automatisé,"compatibilité SAP, Microsoft Dynamics, Salesforce évoquée ; stack propre non détaillée",forfait projet,non disponible publiquement (consultation initiale gratuite),nd,200+ entreprises au Tessin et en Suisse (chiffre déclaratif),IT,non précisé (conformité RGPD et LPD revendiquée),https://www.digiluxeai.com/automazione-processi-aziendali-ai-ticino-lugano/,2026-07-23,moyen
We Are Organica,TI,Lugano,nd,nd,agence,B2B,santé; banque; sport; hospitality; industrie; services communaux,"Agence digitale spécialisée en intégration IA et conseil : intégration de l'IA dans les processus d'affaires, optimisation ventes et marketing par IA et social selling, formation des équipes aux outils IA, dashboards d'analyse ; pas d'agents autonomes revendiqués",chatbot,nd,forfait projet; régie-TJM,non disponible publiquement,nd,"BPS Suisse, Hockey Club Lugano, Gruppo Ospedaliero Moncucco, Banca Credinvest, FEMTOprint",IT; EN; DE,non précisé,https://www.organica.agency/integrazione-intelligenza-artificiale-in-azienda-lugano-ticino.asp,2026-07-23,moyen
Inno-Mation,nd,nd,2021,nd,agence,B2B,banque privée; horlogerie; pharma et sciences de la vie; négoce international; hôtellerie-tourisme; PME industrielles,"Workflows n8n auto-hébergés, agents IA, chatbots et assistants vocaux, intégrations dans l'existant ; plus de 200 automatisations livrées, 68 % de temps gagné en moyenne (chiffres déclaratifs) ; présence annoncée Genève, Lausanne, Fribourg et France, siège exact non confirmé",workflow automatisé,"n8n (coeur), Make ; hébergement auto-géré",forfait projet,1 500 à 5 000 EUR pour un premier workflow ou chatbot ; 10 000 à 50 000 EUR pour un projet complet avec agents IA,nd,nd,FR,Suisse ou UE au choix du client (conformité nLPD/RGPD),https://inno-mation.com/agence-automatisation-suisse-romande,2026-07-23,moyen
Invariant Labs,ZH,Zurich,2024,nd,filiale,B2B,sécurité des agents IA (transverse),"Outils de sécurité pour agents autonomes : guardrails, détection de comportements non sûrs, analyse de traces d'agents, sécurité MCP ; spin-off ETH Zurich (labo SRI, Prof. Martin Vechev) acquise par Snyk en juin 2025, devenue centre de compétence sécurité des agents IA",infrastructure,nd,licence,non disponible publiquement,nd ; montant d'acquisition par Snyk non divulgué,nd,EN,non précisé,https://invariantlabs.ai,2026-07-23,élevé
Lakera,ZH,Zurich,2021,[EST] 70,filiale,B2B,cybersécurité de l'IA (transverse),"Lakera Guard (protection en temps réel des LLM, agents et workflows multimodaux), Lakera Red (red teaming avant déploiement), créateur du jeu Gandalf ; fondée par d'anciens de Google et Meta, affiliée ETH AI Center ; acquise par Check Point (2025), Zurich devient le Global Centre of Excellence for AI Security",infrastructure,nd,abonnement; licence,non disponible publiquement,"environ 30 M USD levés (dont Series A 20 M USD juillet 2024, Atomico lead, Citi Ventures, Dropbox Ventures, redalpine) ; acquisition par Check Point environ 300 M USD (montant de presse, non confirmé officiellement)",nd,EN,non précisé,https://www.lakera.ai,2026-07-23,élevé
LatticeFlow AI,ZH,Zurich,2020,nd,startup,B2B,"gouvernance et évaluation de l'IA (banque, industrie, défense)","Plateforme d'évaluation et de gouvernance des systèmes IA : évaluations scalables, tests adversariaux, évaluation d'agents IA sur cas réels ; COMPL-AI (premier cadre technique aligné sur l'AI Act, avec ETH Zurich et INSAIT) ; AI Insights (dont évaluation publique d'Apertus) ; spin-off ETH Zurich",infrastructure,nd,abonnement,non disponible publiquement,"2,8 M USD (2021) puis Series A de 12 M USD","Siemens Mobility, Intenseye, Voxel AI, Carscan",EN,non précisé,https://latticeflow.ai,2026-07-23,élevé
Calvin Risk,ZH,Zurich,2022,nd,startup,B2B,"gouvernance des risques IA (assurance, finance, industrie)","Plateforme SaaS de gouvernance et de quantification des risques des inventaires IA : tests automatisés, évaluation quantitative en temps réel, conformité réglementaire ; spin-off ETH Zurich",infrastructure,nd,abonnement,non disponible publiquement,"plus de 5 M USD au total, dont seed de 4 M USD (novembre 2024, Join Capital, seed + speed Ventures, b2venture, Founderful)",nd,EN,non précisé,https://www.calvin-risk.com,2026-07-23,élevé
Omnilex,ZH,Zurich,2024,nd,startup,B2B,juridique,"Espace de travail juridique IA pour avocats et études suisses : premier commentaire juridique généré par IA, combinaison lois, jurisprudence et commentaire dans un environnement de raisonnement, automatisation de la recherche juridique ; fondée à l'ETH Zurich (soutien Prof. Elliott Ash)",workflow automatisé,nd,abonnement,non disponible publiquement,"seed de 4,5 M USD (novembre 2025, Founderful, Plug and Play, Tiny Supercomputer Investment Company, Angel Invest)",nd,"nd (droit suisse, DE/FR/IT probable)",non précisé,https://omnilex.ai,2026-07-23,moyen
Giotto.ai,VD,Lausanne,2017,nd,startup,B2B+B2C,modèles de raisonnement; IA frugale embarquée; grand public (version cloud),"Modèle de raisonnement portable et AI operating system permettant un raisonnement agentique sur un seul GPU ; en tête de l'ARC Prize 2025 (27,08 % avec un modèle d'environ 200 M de paramètres) ; ouverture d'une version cloud grand public gratuite le 2026-07-01 (cloud.giotto.ai) ; EPFL Innovation Park, équipe avec alumni DeepMind, CERN, ETH",infrastructure,modèle de raisonnement propriétaire (~200 M paramètres) ; infrastructure NVIDIA B300 en Europe,licence; freemium,version cloud grand public gratuite au lancement ; offres entreprises non publiées,"historique non disponible publiquement ; recherche de plus de 200 M USD à valorisation supérieure à 1 Md USD en 2025-2026 (mandat Lazard, selon Reuters)",nd,EN (couverture linguistique du produit cloud nd),"UE (infrastructure en Europe, localisation exacte non précisée)",https://www.giotto.ai,2026-07-23,moyen
Supertext AG,ZH,Zurich,2016,120 (+ réseau de 3000+ freelances),editeur,B2B,"traduction et services linguistiques (banques, médias, industrie)",Plateforme combinant traduction automatique propriétaire (y compris dialectes et langues suisses) et traduction humaine ; briques de language AI sécurisées pour entreprises ; fusion Supertext + Textshuttle (spin-off UZH fondée en 2016) annoncée début 2025 ; sites Zurich et Berlin,workflow automatisé,traduction automatique propriétaire,abonnement; à l'usage,non disponible publiquement,nd,nd,"nd (offre multilingue, dialectes suisses)",Suisse (positionnement secure Swiss online translator),https://www.supertext.com,2026-07-23,élevé
Recapp IT AG,VS,Martigny,nd,nd,editeur,B2B,"reconnaissance vocale; transcription (parlements, médias, administrations)","Reconnaissance vocale spécialisée sur les langues nationales suisses et les dialectes suisses-allemands, transcription automatique (produits type Töggl) ; spin-off Idiap (incubateur IdeArk) ; brique technologique pour pipelines d'agents vocaux",infrastructure,reconnaissance vocale propriétaire,abonnement,non disponible publiquement,nd,nd,DE (dialectes suisses-allemands); FR; IT,Suisse (cloud suisse mis en avant),https://www.recapp.ch,2026-07-23,moyen
EthonAI,ZH,Zurich,2021,21,startup,B2B,industrie manufacturière,"Analytics de production par IA : détection et prévention des pertes de qualité ; spin-off ETH Zurich ; cas frontière hors du coeur agentique (pas d'agents autonomes), inclus comme spin-off IA emblématique",workflow automatisé,nd,abonnement,non disponible publiquement,"6,8 M USD seed (2023) puis Series A de 16,5 M USD (CHF 15 M, mai 2024, Index Ventures lead, General Catalyst, Earlybird, Founderful)",nd,EN,non précisé,https://ethon.ai,2026-07-23,élevé
Deloitte Suisse,ZH,Zurich,nd,[EST] plusieurs milliers (Suisse),conseil,B2B,services financiers (compliance); fonction finance/CFO; santé; industrie; secteur public,"Capacité dédiée Agentic AI en trois piliers : readiness/stratégie, design-build-deploy, operate-monitor-improve ; discours digital workers et collaboration humain-agent, cadre Trustworthy AI ; cas clients publiés internationaux, aucun cas suisse publié",workflow automatisé,"partenariats AWS, Google, Oracle, Salesforce, SAP, ServiceNow, Workday",forfait projet; régie-TJM,non disponible publiquement,nd (réseau mondial),nd (aucun client suisse nommé),DE; FR; EN,non précisé,https://www.deloitte.com/ch/en/what-we-do/capabilities/agentic-ai.html,2026-07-23,élevé
PwC Suisse,ZH,Zurich,nd,nd,conseil,B2B,services financiers; fiscalité et finance,"Offre AI agents adossée à PwC agent OS (plateforme d'orchestration du réseau, 250+ agents internes), assistant ChatPwC, playbook Agentic AI in Financial Services avec Microsoft, solution procure-to-pay ISMS ; investissement de CHF 50 M sur trois ans dans les capacités IA (AI Centre of Excellence) ; offre Trust in AI (audit de systèmes IA)",workflow automatisé,"Microsoft (alliance FS), plateforme propriétaire agent OS",forfait projet; régie-TJM,non disponible publiquement,nd,nd (aucun client suisse nommé),DE; FR; EN,non précisé,https://www.pwc.ch/en/services/artificial-intelligence/ai-agents.html,2026-07-23,moyen
EY Suisse,ZH,Zurich,nd,nd,conseil,B2B,services financiers; grandes entreprises,"Quatre modèles de service agentiques : Agent-Assisted Service Delivery, Agent-Assisted Managed Services, Agent as a Service, Agent Build as a Service, propulsés par la EY.ai Agentic Platform ; 150 agents déployés en interne au niveau réseau ; accent sur l'industrialisation (séparation test/production)",workflow automatisé,"EY.ai Agentic Platform (co-développée avec NVIDIA au niveau groupe), Microsoft",forfait projet; régie-TJM; abonnement,non disponible publiquement,nd,nd (aucun client suisse nommé),DE; FR; EN,non précisé,https://www.ey.com/en_ch/services/ai/agentic-ai,2026-07-23,élevé
KPMG Suisse,ZH,Zurich,nd,nd,conseil,B2B,finance; audit; expérience client,"KI Transformation (conseil stratégie et mise en oeuvre IA), Trusted AI (audit, gouvernance, risque, conformité), IA dans l'audit financier ; positionnement agentic surtout éditorial (signal de rebranding partiel) ; rapport agentique d'octobre 2025 retiré en juin 2026 après découverte d'hallucinations (cas UBS/CFF inventés)",RAG,"Google Agentspace (KPMG US, non confirmé pour la Suisse), Microsoft (niveau groupe)",forfait projet; régie-TJM,non disponible publiquement,nd,nd (les cas nommés dans le rapport retiré étaient faux),DE; FR; EN,non précisé,https://kpmg.com/ch/de/themen/kuenstliche-intelligenz.html,2026-07-23,moyen
Accenture Suisse,ZH,Zurich,nd,nd,filiale,B2B,banque et services financiers; multisectoriel,"Plateforme groupe AI Refinery et framework Distiller (SDK pour construire et déployer des agents à l'échelle) ; accompagnement des banques suisses (constat : phase Foundation and Quick Wins, pilotes sans passage à l'échelle) ; cas d'usage cités : coordination multi-agents de paiements transfrontaliers, réallocations de portefeuille ; bureau à Zurich et Le Grand-Saconnex (GE)",workflow automatisé,"AI Refinery (NVIDIA), alliances Microsoft, AWS, Google, Salesforce",forfait projet; régie-TJM,non disponible publiquement,nd (groupe coté),nd (aucun client suisse nommé),DE; FR; EN,non précisé,https://www.accenture.com/ch-en,2026-07-23,moyen
IBM Consulting Suisse,ZH,Zurich,nd,nd,filiale,B2B,banque; assurance; secteur public,"Implémentation autour de watsonx Orchestrate : agents no-code à pro-code (Agent Development Kit), orchestration multi-agents, connexion à 80+ applications d'entreprise, gouvernance centralisée des agents ; partenariat IBM + Phoenix Technologies (2024) pour une IA souveraine hébergée en Suisse ; IBM Research à Rüschlikon",workflow automatisé,"watsonx (Orchestrate, watsonx.ai), Granite/SLM, intégrations SAP, Salesforce, Microsoft, Workday",licence; forfait projet; régie-TJM,non disponible publiquement,nd (groupe coté),nd (aucun cas agentique suisse public),DE; FR; EN,Suisse possible (partenariat Phoenix Technologies),https://www.ibm.com/products/watsonx-orchestrate,2026-07-23,élevé
Capgemini Suisse,ZH,Zurich,nd,"600+ (Suisse, 4 sites)",filiale,B2B,IT ops; ingénierie logicielle; multisectoriel,"Offre groupe Agentic AI for Enterprise déclinée en Suisse : agents sur étagère, agents custom, agents embarqués dans les plateformes existantes ; multi-agents pour IT ops, Augmented Software Product Engineering ; rapport Rise of agentic AI (Capgemini Research Institute) ; sites Zurich, Bâle, Genève, Lausanne",workflow automatisé,"Google (agents Gemini-powered), Microsoft, AWS, SAP, Salesforce",forfait projet; régie-TJM,non disponible publiquement,nd (groupe coté),nd (aucun client suisse nommé),DE; FR; EN,non précisé,https://www.capgemini.com/ch-en/insights/research-library/ai-agents/,2026-07-23,élevé
adesso Schweiz AG,ZH,Zurich,nd,363,filiale,B2B,industrie; services financiers; sciences de la vie; secteur public,"Initiative Agentic Enterprise Fabrics (avec Salesforce) pour l'espace DACH : unité de compétence Agentic Enterprise dédiée à l'intégration des agents Agentforce et à la collaboration humain-agent ; adSCAILE (framework de développement logiciel agentique), adesso AI Hub (gouvernance IA et souveraineté) ; sites Zurich et Berne, filiale du groupe allemand adesso SE",workflow automatisé,"Salesforce/Agentforce (coeur), SAP, Snowflake, Google, AWS, MuleSoft, Informatica",forfait projet; régie-TJM; licence,non disponible publiquement,nd (groupe coté),nd,DE; EN,non précisé (souveraineté via adesso AI Hub),https://www.adesso.ch,2026-07-23,élevé
Zühlke,ZH,Schlieren,1968,nd,ESN,B2B,banque; assurance; santé/medtech; industrie; secteur public,"AI implementation incluant agentic AI process automation et assistants de connaissance ; plateforme accélératrice Zühlke Augmented Generation (ZAG) pour applications GenAI sur mesure ; cas publié : chatbot IA pour l'assureur UNIQA (Autriche, Microsoft Visionary Award 2024) ; niveau autonome revendiqué mais offre publique surtout assistants (signal de rebranding partiel)",RAG,"Microsoft, cloud multi-fournisseurs",forfait projet; régie-TJM,non disponible publiquement,nd,UNIQA (client autrichien),DE; FR; EN,non précisé,https://www.zuehlke.com/en/expertise/ai-implementation,2026-07-23,moyen
Adnovum,ZH,Zurich,1988,600 (tous sites),ESN,B2B,banques; assurances; secteur public; logistique,"ESN suisse de confiance (forte compétence IAM/sécurité, ML applicatif en logistique) ; pas de page agentic AI dédiée repérée, offre agentique publique faible ou émergente ; inclusion au titre d'intégrateur de confiance",RAG,nd,forfait projet; régie-TJM,non disponible publiquement,nd,nd,DE; EN,non précisé,https://www.adnovum.com,2026-07-23,faible
Swisscom SA,BE,Ittigen/Worblaufen,1998,[EST] 19000-20000 (groupe),ESN,B2B+B2C,télécoms; entreprises et secteur public; grand public,"Fournisseur et utilisateur avancé : Swiss AI Platform souveraine (datacenters Swisscom, NVIDIA DGX SuperPOD, modèles open source dont Apertus), GenAI Studio (low-code pour solutions GenAI et agents), AI Work Hub, Swiss AI Assistant pour PME (février 2026) ; côté B2C, chatbot personnel gratuit myAI (dialectes suisses-allemands, recherche à focus suisse, Superchats en version Pro) ; en interne, plateforme agentique sur Amazon Bedrock AgentCore avec MCP et protocole Agent2Agent (support client et vente)",agents autonomes multi-étapes,"NVIDIA (DGX SuperPOD), AWS Bedrock AgentCore, MCP, A2A, modèles open source curatés (dont Apertus)",abonnement; à l'usage; freemium,"myAI : niveau gratuit 0 CHF/mois, niveau Pro avec 12 mois gratuits (tarif ultérieur non affiché) ; offres B2B non publiées",nd (société cotée établie),nd,DE; FR; IT; EN (dialectes suisses-allemands),"Suisse (myAI : serveurs en Suisse et UE sous contrôle Swisscom, pas d'entraînement sur les données)",https://www.swisscom.ch/en/business/enterprise/offer/platforms-applications/data-driven-business/swiss-ai-platform.html,2026-07-23,élevé
Ergon Informatik,ZH,Zurich,1984,400+,ESN,B2B,"finance (sécurité, Airlock); industrie/IoT; smart building","Offre Data and Artificial Intelligence : solutions ML sur mesure (ex. SmartOrdering, commande automatique de pièces par ML), événements AI Breakfast sur la GenAI ; pas d'offre agents IA explicite, ML décisionnel proche de l'automatisation intelligente",workflow automatisé,nd,forfait projet; régie-TJM; licence,non disponible publiquement,nd,nd,DE; EN,non précisé,https://www.ergon.ch/en/services/data-and-artificial-intelligence,2026-07-23,moyen
isolutions,BE,Berne,nd,[EST] 200+,ESN,B2B,PME et grandes organisations; secteur public,"Intégrateur 100 % Microsoft : accompagnement Microsoft 365 Copilot de bout en bout (readiness, rollout, conformité), création d'agents Copilot (instructions, sources curées, actions), intégration d'agents Copilot Studio dans la Power Platform pour automatiser des processus (contrôle de conformité, tri d'e-mails) ; bureaux Berne, Zurich, Bâle, Barcelone",workflow automatisé,"exclusivement Microsoft : M365 Copilot, Copilot Studio, Power Platform, Azure AI, Entra, Purview",forfait projet; abonnement,non disponible publiquement,nd,nd,DE; FR; EN,non précisé (cadre Microsoft),https://www.isolutions.ch/en/news/copilot-agents-as-far-as-the-eye-can-see/,2026-07-23,élevé
D ONE,ZH,Zurich,2005,51-200,conseil,B2B,multisectoriel,"Boutique conseil data/IA : stratégie data, plateformes, ML/IA, conduite du changement (industrialisation de la data et de l'IA), extension GenAI ; offre agentique explicite non repérée dans les sources ; second site à Athènes",RAG,nd,forfait projet; régie-TJM,non disponible publiquement,nd,nd,DE; EN,non précisé,https://d-one.ai,2026-07-23,moyen
Edana,GE,Genève,nd,nd,agence,B2B,multisectoriel,"Conception d'agents IA autonomes (analyse de données, prise de décision, exécution de tâches), automatisation de processus, assistants conversationnels, agents d'analyse, intégration aux CRM/ERP/API/bases de données, mention d'IA souveraine",workflow automatisé,"LLM (OpenAI/ChatGPT cités), frameworks d'intégration ; MCP non mentionné",forfait projet,non disponible publiquement,nd,"CHUV, Manor, Maus Frères, AXA, Filinea, GPA, RidingUp (références d'agence, mandats non détaillés)",FR; EN,non précisé,https://edana.ch/developpement-agents-ia-suisse/,2026-07-23,moyen
Infomaniak Network SA (Euria),GE,Genève,1994,[EST] 500 (groupe),editeur,B2C,grand public; santé; éducation; droit; administration,"Euria (lancé le 2025-12-09) : assistant IA conversationnel gratuit, accessible sans compte (web et apps iOS/Android) : requêtes texte et voix, recherche web, analyse de documents (PDF, Word, Excel, images), transcription audio, mode éphémère sans conservation de trace ; adossé à l'écosystème kSuite",RAG,"modèles open source auto-hébergés, sans prestataire externe",freemium; abonnement,"gratuit sans compte ; my kSuite+ dès environ 19 EUR/an ; kSuite Pro dès environ 22,80 EUR/utilisateur/an (selon presse, à confirmer en CHF)",nd,nd,FR (couverture multilingue complète non détaillée),"Suisse (datacenters Infomaniak, aucune donnée utilisée pour l'entraînement)",https://euria.infomaniak.com,2026-07-23,élevé
Selma Finance AG,ZH,Zurich,nd,nd,startup,B2C,finance personnelle; investissement; pilier 3a,"Robo-advisor suisse (compte d'investissement et pilier 3a) avec Selma AI (lancée en mars 2024), présentée comme le premier conseiller financier suisse propulsé par l'IA : analyse en temps réel de la situation financière du client et recommandations individualisées ; 5 000+ clients et 12 000+ conversations le premier mois (chiffres de l'entreprise)",chatbot,nd,à l'usage,"frais de gestion 0,68 %/an sous 50 000 CHF, dégressifs jusqu'à 0,42 %/an ; coûts produits environ 0,22 %/an ; minimum 2 000 CHF (500 CHF pilier 3a) ; Selma AI incluse sans supplément",nd,5 000+ clients utilisateurs de Selma AI (déclaratif),DE; EN,non précisé,https://www.selma.com,2026-07-23,élevé
Yuh (Swissquote),VD,Gland,2021,nd,editeur,B2C,néobanque; finances personnelles,"Yuhlia (introduite vers avril 2026) : chatbot IA intégré à l'application Yuh, conseille sur les finances, analyse les habitudes de dépenses et les investissements ; architecture hybride : données clients dans un environnement isolé et sécurisé, requêtes générales via un fournisseur cloud suisse ; Yuh détenue à 100 % par Swissquote depuis juillet 2025",RAG,"architecture hybride, fournisseur cloud suisse",freemium,inclus dans l'application Yuh (gratuite),nd,nd,"FR; DE; IT; EN ([EST], langues de l'app)",Suisse (environnement isolé + cloud suisse),https://www.ictjournal.ch/news/2026-04-16/lapp-financiere-suisse-yuh-introduit-un-chatbot-ia-pour-analyser-finances-et,2026-07-23,élevé
KI Helfer,SG,Grabserberg,2025,[EST] 1-2,startup,B2C,créatifs; indépendants (prosumer),"Plateforme suisse tout-en-un à crédits (lancée le 2025-05-21) : chat IA, génération de code, images, vidéo, audio, 100+ modèles de rédaction (blogs SEO, e-mails de vente), speech-to-text et text-to-speech, assistants IA personnalisables, recherche web sur les paliers supérieurs",chatbot,nd,freemium; abonnement,"trois paliers : Free (150 crédits/mois), Pro (1 000 crédits/mois), Business (5 000 crédits/mois, 3 utilisateurs) ; montants en CHF non affichés",nd,nd,DE; EN,non précisé,https://kihelfer.ch/,2026-07-23,moyen
Magic Heidi,nd,nd,nd,[EST] 1-3,startup,B2C,"indépendants suisses en raison individuelle (consultants, artisans, freelances)","Application de facturation suisse (QR-facture), suivi des dépenses et comptabilité simple ; fonction IA : scanner de justificatifs (date, montant, TVA, catégorie, fournisseur à partir d'une photo), import de relevés bancaires (UBS, PostFinance, ZKB), gestion TVA, export fiscal ; 5 000+ utilisateurs revendiqués, note App Store 4,9",workflow automatisé,nd,freemium; abonnement,"gratuit (3 factures, 3 dépenses) ; 39 CHF/mois en mensuel ; 24,99 CHF/mois en annuel (299 CHF/an)",nd,5 000+ utilisateurs (déclaratif),DE; FR; IT; EN,Suisse (serveurs à Zurich),https://magicheidi.ch/fr,2026-07-23,élevé
Suisse Voice (Suisse IT GmbH),AG,Berikon,nd,nd,startup,B2B,cabinets dentaires; garages; cabinets médicaux; artisans; coiffeurs; institutions,"Plateforme no-code d'assistants téléphoniques IA (voice agents) : réception d'appels 24/7, réponses aux questions courantes, prise de rendez-vous avec accès agenda, confirmations SMS/e-mail, routage, transcriptions et résumés, intégrations Zapier/n8n/Make ; inscription self-serve, 20 CHF de crédit d'essai ; degré d'agenticité le plus élevé du segment prosumer suisse",workflow automatisé,"intégrations Zapier, n8n, Make",abonnement; à l'usage,abonnement annuel à tarif fixe avec 1 200 minutes incluses (montant exact non affiché) ; minutes supplémentaires à l'achat,nd,canton de Schaffhouse (référence institutionnelle),DE (dialectes suisses-allemands); FR; IT; 17+ autres langues,"Suisse (positionnement Swiss Made, conformité RGPD/LPD, options de déploiement isolé)",https://suisse-voice.ch/,2026-07-23,moyen
Earny,VD,Morges,nd,nd,startup,B2B,paie; PME et petites structures,Solution de gestion de la paie pour PME avec chatbot IA entraîné sur le droit suisse du travail et des salaires et sur les ressources internes de l'entreprise cliente ; dirigée par Ladislas Beuzelin,workflow automatisé,nd,abonnement,non disponible publiquement,nd,nd,FR,non précisé,https://www.startupticker.ch/en/news/swiss-ai-assistants-on-the-rise,2026-07-23,moyen
Ringler Informatik AG (eTax.ch),ZG,Baar,1986,nd,editeur,B2C,fiscalité des particuliers (y compris indépendants et agriculteurs),eTax.ch : déclaration d'impôt en ligne gratuite dans 15 cantons ; environ 40 % des déclarations fiscales suisses traitées via ses solutions (revendiqué) ; fonction IA annoncée (upcoming) : reconnaissance automatique des justificatifs et pré-remplissage sur un cloud IA souverain suisse,workflow automatisé,"cloud IA souverain suisse (annoncé), chiffrement AES-256",freemium,gratuit pour les contribuables (financé par les solutions professionnelles B2B Dr. Tax),nd,nd,DE; FR; IT; EN,Suisse (centres de données certifiés ISO conformes FINMA : Everyware AG ou infrastructures cantonales),https://etax.ch/,2026-07-23,élevé
